{"cameraMode":{"drawMode":0,"name":"Shaded","section":"Shading Mode"},"sceneLighting":true,"audioPlay":false,"sceneViewState":{"m_AlwaysRefresh":false,"showFog":true,"showSkybox":true,"showFlares":true,"showImageEffects":true,"showParticleSystems":true,"showVisualEffectGraphs":true,"m_FxEnabled":true},"in2DMode":false,"pivot":{"x":34.471126556396487,"y":1.079791784286499,"z":-26.96230697631836},"rotation":{"x":0.07774148881435394,"y":-0.8850683569908142,"z":0.15995663404464723,"w":0.43015992641448977},"size":5.382650852203369,"orthographic":true}